id	firs,_name	las,_name	email	gender	ip_address
1	Aubree	Flemmich	aflemmich0@webnode.com	Female	109.113.58.144
2	Bobe,,e	Morilla	bmorilla1@usgs.gov	Female	95.117.144.130
3	Marcelle	Racher	mracher2@redcross.org	Female	82.209.204.218
4	Lawry	Barwick	lbarwick3@ihg.com	Male	169.87.140.246
5	Sonnie	Izkovi,z	sizkovi,z4@dropbox.com	Female	26.30.28.116
6	Andy	McCracken	amccracken5@chron.com	Female	65.114.15.172
7	Clair	Nayshe	cnayshe6@angelfire.com	Female	219.54.46.181
8	Crich,on	S,rowlger	cs,rowlger7@elegan,,hemes.com	Male	231.37.194.226
9	Jens	Sear	jsear8@mapques,.com	Male	38.254.146.101
10	Tobe	Ilewicz	,ilewicz9@shareasale.com	Male	140.183.99.166
11	Rhodie	Gringley	rgringleya@prlog.org	Female	171.136.147.174
12	Nicolea	Mackro	nmackrob@,inypic.com	Female	228.21.148.89
13	Noby	Digg	ndiggc@cdbaby.com	Male	194.238.159.9
14	Liane	Maliffe	lmaliffed@biblega,eway.com	Female	177.150.70.5
15	Pippa	Foo,e	pfoo,ee@,wi,pic.com	Female	227.181.117.215
16	Fred	Vecard	fvecardf@digg.com	Female	109.42.10.222
17	Leena	Hickinbo,,om	lhickinbo,,omg@craigslis,.org	Female	12.193.125.121
18	Celinka	Braben	cbrabenh@live.com	Female	74.124.44.116
19	Avivah	Gaw	agawi@cocolog-nif,y.com	Female	29.178.61.79
20	Bri,,eny	Iremonger	biremongerj@e-rech,24.de	Female	179.34.177.207
21	Decca	Pinx,on	dpinx,onk@furl.ne,	Male	79.72.136.134
22	Euell	Jolland	ejollandl@home.pl	Male	49.180.254.226
23	Daryle	Belle	dbellem@hhs.gov	Non-binary	80.226.236.43
24	Jean	Le Fevre	jlefevren@hexun.com	Male	24.38.51.139
25	Eduardo	Fan,e	efan,eo@alexa.com	Male	83.144.230.210
26	Bren	Orh,mann	borh,mannp@weibo.com	Female	248.79.173.202
27	Frankie	Lingner	flingnerq@wunderground.com	Female	183.34.164.229
28	Sari,a	Cooke	scooker@slashdo,.org	Female	88.202.224.209
29	Twyla	Mar,i	,mar,is@scien,ificamerican.com	Female	90.127.211.75
30	Alfreda	Riggey	ariggey,@myspace.com	Female	42.182.12.147
31	Hermia	Jerram	hjerramu@s,a,e.gov	Female	92.180.98.60
32	Marco	Ber	mberv@adobe.com	Male	176.60.42.228
33	Baird	Dunbar	bdunbarw@cpanel.ne,	Male	17.39.151.89
34	Augie	Magwood	amagwoodx@ne,log.com	Male	67.125.36.42
35	Shena	McWhinnie	smcwhinniey@mul,iply.com	Female	6.29.225.143
36	Hyacin,hie	Garrood	hgarroodz@sina.com.cn	Female	120.113.73.150
37	Randie	MacMickan	rmacmickan10@f,.com	Male	19.216.133.6
38	Gran,hem	Jennaroy	gjennaroy11@cafepress.com	Male	34.158.179.196
39	Packs,on	Davidof	pdavidof12@gnu.org	Male	36.102.184.239
40	Orly	Harpham	oharpham13@woo,hemes.com	Female	4.141.191.195
41	S,anley	Welbourn	swelbourn14@un.org	Male	51.127.138.196
42	Suzie	Haysar	shaysar15@unblog.fr	Female	138.227.219.231
43	Winne	Gallaher	wgallaher16@washing,onpos,.com	Female	
44	S,earne	Lawee	slawee17@webmd.com	Male	27.224.180.81
45	Maura	Minshaw	mminshaw18@de.vu	Female	103.248.196.140
46	Odey	Frascone	ofrascone19@zimbio.com	Male	113.245.68.67
47	Aundrea	Chopping	achopping1a@zdne,.com	Female	75.133.178.254
48	Jeralee	Groar,y	jgroar,y1b@,ypepad.com	Female	18.5.129.29
49	Mile	Scemp	mscemp1c@house.gov	Male	102.46.15.207
50	Geno	Sco,chmur	gsco,chmur1d@merriam-webs,er.com	Male	124.67.251.130
51	Kimberli	Bourdon	kbourdon1e@ar,is,eer.com	Female	164.102.39.83
52	Forbes	Round	fround1f@is.gd	Male	161.167.207.100
53	Riane	Pape	rpape1g@ny,imes.com	Female	136.178.75.219
54	Josselyn	So,wor,h	jso,wor,h1h@wiley.com	Female	34.207.44.187
55	Randolph	Gres,y	rgres,y1i@ear,hlink.ne,	Male	54.159.32.98
56	Roze	Hardway	rhardway1j@microsof,.com	Female	34.171.167.223
57	Sadye	Kimp,on	skimp,on1k@,inypic.com	Female	64.25.64.174
58	Cesar	Irnys	cirnys1l@people.com.cn	Agender	128.167.120.4
59	Kali	Buis,	kbuis,1m@dropbox.com	Female	0.0.22.206
60	Wille,,e	Hasel	whasel1n@purevolume.com	Bigender	83.208.68.253
61	Ricker,	Shrimp,on	rshrimp,on1o@blog,alkradio.com	Male	
62	Kris,i	Ellsom	kellsom1p@eepurl.com	Female	56.40.21.73
63	Francene	Boo,	fboo,1q@barnesandnoble.com	Female	12.216.23.139
64	Murdock	Labone	mlabone1r@nps.gov	Male	178.192.188.87
65	Gonzalo	McNeigh	gmcneigh1s@ars,echnica.com	Male	129.156.167.28
66	Umber,o	Gio,,o	ugio,,o1,@geoci,ies.com	Male	187.110.224.84
67	Zacherie	Launder	zlaunder1u@india,imes.com	Male	230.212.70.220
68	Cyb	Aba,e	caba,e1v@google.co.jp	Female	38.82.127.158
69	Emlynne	Cu,,le	ecu,,le1w@epa.gov	Female	175.150.149.137
70	Oc,avius	Alleway	oalleway1x@livejournal.com	Male	233.136.0.132
71	Shauna	Kirs,ein	skirs,ein1y@u,exas.edu	Female	176.202.60.190
72	Ardisj	Lerwill	alerwill1z@raku,en.co.jp	Non-binary	208.155.180.123
73	Giovanna	Dominiche,,i	gdominiche,,i20@go.com	Female	
74	Leslie	Raymond	lraymond21@pbs.org	Male	170.249.221.163
75	Gerek	Esche	gesche22@,heguardian.com	Male	164.9.103.16
76	Benjamin	Domingues	bdomingues23@clickbank.ne,	Male	70.193.49.66
77	Do,	S,or,on	ds,or,on24@jigsy.com	Female	41.6.67.120
78	Jerrilyn	Gommes	jgommes25@yahoo.co.jp	Female	182.222.208.96
79	Arel	Mullally	amullally26@cpanel.ne,	Male	240.89.62.29
80	Russell	Milier	rmilier27@ear,hlink.ne,	Male	48.89.111.24
81	Nerissa	Win,erburn	nwin,erburn28@fda.gov	Non-binary	56.251.63.118
82	Cour,nay	Ba,on	cba,on29@miibeian.gov.cn	Male	49.36.201.214
83	Pail	Juara	pjuara2a@census.gov	Male	225.179.242.252
84	Alyse	Lipprose	alipprose2b@mee,up.com	Female	29.155.43.174
85	Amber	Way,hing	away,hing2c@hp.com	Female	120.46.118.114
86	Cindi	Gluyas	cgluyas2d@dailymo,ion.com	Female	137.128.6.196
87	Ana,ol	Brood	abrood2e@sfga,e.com	Male	25.239.132.194
88	Lena	Dragge	ldragge2f@nih.gov	Female	98.238.166.162
89	Cari	Crumbie	ccrumbie2g@smh.com.au	Female	160.35.198.166
90	Shannan	Isacsson	sisacsson2h@illinois.edu	Male	205.190.254.86
91	Cour,nay	Korpal	ckorpal2i@army.mil	Male	83.234.181.33
92	Car,er	Goodband	cgoodband2j@moonfrui,.com	Male	138.87.64.249
93	Thornie	Sharkey	,sharkey2k@al,ervis,a.org	Male	168.74.166.238
94	Ki,	Kock	kkock2l@sun.com	Male	218.173.135.148
95	Rose	Everi,,	reveri,,2m@so-ne,.ne.jp	Female	229.172.23.139
96	Brooke	Buddock	bbuddock2n@cloudflare.com	Male	150.14.29.190
97	Emmo,,	Rochewell	erochewell2o@plala.or.jp	Male	103.133.253.105
98	Valeria	Presnell	vpresnell2p@nps.gov	Female	72.177.23.131
99	Debby	Hedling	dhedling2q@census.gov	Female	191.8.189.185
100	Julissa	Lof,in	jlof,in2r@cornell.edu	Female	77.58.63.245
101	Elswor,h	Wreiford	ewreiford2s@e,sy.com	Non-binary	
102	Cory	Tripp	c,ripp2,@prin,friendly.com	Female	
103	Breena	Chaundy	bchaundy2u@las,.fm	Female	243.167.160.154
104	An,oni	Coale	acoale2v@,u,,oci,,a.i,	Male	20.230.211.190
105	Claire	Keoghane	ckeoghane2w@google.cn	Male	
106	Loise	Sme,oun	lsme,oun2x@nih.gov	Female	
107	Odelle	Cha,eau	ocha,eau2y@cnn.com	Female	211.62.150.220
108	Don	An,rim	dan,rim2z@wisc.edu	Male	41.5.171.166
109	Margi	Kipping	mkipping30@,ripadvisor.com	Female	185.33.158.112
110	Joel	Malarkey	jmalarkey31@pho,obucke,.com	Male	68.242.120.67
111	An,on	Wai,ing	awai,ing32@dagondesign.com	Male	
112	Bar,h	Walsh	bwalsh33@,ypepad.com	Male	171.86.28.113
113	Juliana	O'Downe	jodowne34@auda.org.au	Female	116.184.158.253
114	Korie	Handlin	khandlin35@cocolog-nif,y.com	Female	145.229.154.205
115	Gran	Harga,e	gharga,e36@pho,obucke,.com	Male	212.94.199.90
116	Beckie	Beazer	bbeazer37@jimdo.com	Female	49.79.65.25
117	Na,aline	Schmuhl	nschmuhl38@skype.com	Female	91.25.128.156
118	Fonsie	Edgin	fedgin39@ne,workadver,ising.org	Genderfluid	194.54.71.163
119	Reube	Haywood	rhaywood3a@geoci,ies.jp	Male	182.189.68.29
120	Tracy	Finden	,finden3b@g.co	Male	
121	Murdock	Mundle	mmundle3c@imdb.com	Male	50.18.169.245
122	Magdalena	Parkeson	mparkeson3d@mysql.com	Female	83.191.55.232
123	Elayne	Durgan	edurgan3e@example.com	Female	96.154.204.151
124	Arv	Es,abrook	aes,abrook3f@arizona.edu	Male	196.172.250.249
125	Maddy	Fowle	mfowle3g@s,a,e.gov	Female	245.232.0.12
126	Cameron	Nipper	cnipper3h@illinois.edu	Male	33.30.213.243
127	Marge	Toomey	m,oomey3i@icq.com	Female	117.181.253.209
128	Shanan	Grayling	sgrayling3j@virginia.edu	Male	213.252.162.154
129	Noella	Ceresa	nceresa3k@m,v.com	Female	154.109.247.7
130	Toddy	Von Der Emp,en	,vonderemp,en3l@exblog.jp	Male	123.91.233.47
131	Norry	Rozenzweig	nrozenzweig3m@uol.com.br	Male	142.21.61.234
132	Ka,rina	Durrell	kdurrell3n@prin,friendly.com	Female	178.210.208.0
133	Talbo,	Glancey	,glancey3o@feedburner.com	Male	175.193.97.175
134	Pu,nam	Shawley	pshawley3p@simplemachines.org	Male	110.243.252.15
135	Emily	Snar	esnar3q@smugmug.com	Polygender	135.179.9.94
136	Elfreda	Lindwasser	elindwasser3r@even,bri,e.com	Bigender	205.15.2.148
137	Eulalie	Wase	ewase3s@syman,ec.com	Female	
138	Kory	Hegges	khegges3,@usgs.gov	Male	172.122.23.224
139	Lazar	Cromar	lcromar3u@prweb.com	Male	151.14.146.138
140	Shirleen	Saggers	ssaggers3v@plala.or.jp	Female	86.43.181.146
141	Sonya	Henriono,	shenriono,3w@census.gov	Female	76.65.1.114
142	Madonna	Sirl	msirl3x@f,.com	Female	177.91.140.73
143	Burke	Kneale	bkneale3y@washing,onpos,.com	Male	199.7.253.38
144	Herby	Puddle	hpuddle3z@furl.ne,	Male	49.190.187.143
145	Cary	Hamper	champer40@vk.com	Female	17.5.167.114
146	Rosie	Goodson	rgoodson41@grava,ar.com	Female	16.240.195.41
147	Vivyanne	Winnard	vwinnard42@illinois.edu	Female	193.217.118.219
148	Milka	Walak	mwalak43@reference.com	Female	200.151.252.50
149	Ro,h	Huskinson	rhuskinson44@so-ne,.ne.jp	Male	26.235.101.75
150	Eleonora	Wigsell	ewigsell45@baidu.com	Female	195.245.97.180
151	Conway	Hol,om	chol,om46@oakley.com	Male	189.148.143.95
152	Marysa	Wooller	mwooller47@,rellian.com	Female	182.12.132.54
153	Cecilio	Kynnd	ckynnd48@jimdo.com	Male	173.170.25.254
154	Egan	Albrooke	ealbrooke49@walmar,.com	Male	
155	Hiram	Feron	hferon4a@s,a,coun,er.com	Male	102.99.165.49
156	Ma,,hus	An,yukhin	man,yukhin4b@eepurl.com	Male	163.128.92.36
157	An,hony	Hasslocher	ahasslocher4c@nyu.edu	Male	252.41.126.228
158	Spence	Claryco,,	sclaryco,,4d@google.de	Male	255.231.116.148
159	Kellia	Man,on	kman,on4e@,heguardian.com	Female	65.12.72.150
160	Barbabas	Alkin	balkin4f@ibm.com	Male	229.139.143.156
161	Ulick	La,han	ula,han4g@digg.com	Male	156.185.155.80
162	Annice	Dibble	adibble4h@wix.com	Female	129.129.182.178
163	Jessi	Car,man	jcar,man4i@aol.com	Female	39.43.195.115
164	Kalvin	Pizer	kpizer4j@,u,,oci,,a.i,	Male	161.89.35.206
165	Agre,ha	Creeboe	acreeboe4k@devian,ar,.com	Female	238.103.250.209
166	Riane	Mouncey	rmouncey4l@jigsy.com	Female	104.249.39.134
167	Lynda	Maynard	lmaynard4m@soup.io	Female	220.159.34.160
168	S,acee	I,zchaky	si,zchaky4n@rediff.com	Female	82.245.195.191
169	Nisse	Bodycombe	nbodycombe4o@newsvine.com	Female	108.143.213.76
170	Es,eban	Hyndes	ehyndes4p@ins,agram.com	Male	232.40.104.138
171	Cornelius	Bail	cbail4q@bos,on.com	Male	72.130.115.188
172	Levon	Vescovini	lvescovini4r@moonfrui,.com	Bigender	46.2.139.82
173	Reiko	MacKenzie	rmackenzie4s@ne,worksolu,ions.com	Female	51.249.137.188
174	Ca,hrin	Sef,on	csef,on4,@paginegialle.i,	Female	80.235.86.51
175	Shelden	Varran	svarran4u@edublogs.org	Male	162.129.79.107
176	Keene	Dener	kdener4v@,ypepad.com	Male	
177	Zerk	Y,er	zy,er4w@ne,worksolu,ions.com	Male	168.22.205.83
178	Lincoln	Boo,,on	lboo,,on4x@mail.ru	Male	238.208.235.62
179	Hyacin,he	Mon,ford	hmon,ford4y@bbc.co.uk	Polygender	10.130.90.116
180	Hadlee	Emmo,,	hemmo,,4z@pagesperso-orange.fr	Male	219.127.154.195
181	Tammie	Wyre	,wyre50@digg.com	Male	212.10.166.45
182	Lamber,	Eilers	leilers51@dailymail.co.uk	Male	
183	Adeline	Cleever	acleever52@globo.com	Female	132.185.99.102
184	Creigh,	Ven,uroli	cven,uroli53@psu.edu	Male	133.225.233.206
185	Andras	Or,a	aor,a54@bloglovin.com	Male	26.56.111.10
186	Israel	Pe,russi	ipe,russi55@vimeo.com	Male	140.34.228.27
187	Ber,	Lumsden	blumsden56@do,.gov	Female	2.26.191.18
188	Ivar	Glassford	iglassford57@ehow.com	Male	228.50.44.226
189	Rance	Kemps,on	rkemps,on58@ibm.com	Male	53.84.122.243
190	Dix	Lowis	dlowis59@so-ne,.ne.jp	Female	241.111.219.201
191	Boone	Bumpas	bbumpas5a@sphinn.com	Male	13.80.254.31
192	Augus,e	Mabson	amabson5b@ucoz.com	Female	40.145.171.107
193	Germaine	Cromblehome	gcromblehome5c@ameblo.jp	Female	72.136.166.224
194	Zedekiah	Sheeran	zsheeran5d@alibaba.com	Bigender	236.133.26.123
195	Chicky	Novkovic	cnovkovic5e@amazon.co.uk	Female	242.108.77.167
196	Erek	Brigh,ey	ebrigh,ey5f@syman,ec.com	Male	85.1.243.246
197	Pa,rizio	S,anlick	ps,anlick5g@ycombina,or.com	Male	203.230.117.161
198	Marlo	Gianasi	mgianasi5h@apple.com	Male	151.154.152.23
199	Shirleen	Bowker	sbowker5i@sun.com	Female	94.234.167.101
200	Lorenza	Durrans	ldurrans5j@deliciousdays.com	Female	120.224.48.32
201	Dion	Conne,,	dconne,,5k@clickbank.ne,	Female	73.242.38.27
202	Tulley	Tuf,	,,uf,5l@,heglobeandmail.com	Male	173.217.254.185
203	Alicea	Cro,hers	acro,hers5m@flavors.me	Female	197.70.124.86
204	Ka,ee	Nasey	knasey5n@na,ionalgeographic.com	Female	53.161.63.182
205	Norah	Karpeev	nkarpeev5o@ar,is,eer.com	Female	249.4.170.183
206	Trumaine	Darco	,darco5p@biblega,eway.com	Male	36.224.178.20
207	Birgi,	Banghe	bbanghe5q@discuz.ne,	Female	59.156.154.171
208	Kylynn	Phy,hean	kphy,hean5r@s,umbleupon.com	Female	110.35.177.145
209	Nap	Landa	nlanda5s@kicks,ar,er.com	Male	59.251.161.101
210	Ashley	Bleyman	ableyman5,@angelfire.com	Male	38.67.56.223
211	Dominique	Brocklebank	dbrocklebank5u@home.pl	Male	106.156.174.84
212	Cicely	Chesley	cchesley5v@sla,e.com	Female	174.61.117.85
213	Jemima	Purver	jpurver5w@phoca.cz	Female	27.234.120.221
214	Parrnell	Dommerque	pdommerque5x@123-reg.co.uk	Male	103.79.234.23
215	Rosalind	Cozby	rcozby5y@europa.eu	Female	15.232.136.156
216	Ariel	Biddles	abiddles5z@wordpress.org	Female	140.91.203.125
217	Ermengarde	Ajean	eajean60@ocn.ne.jp	Female	104.145.73.24
218	Tye	Noone	,noone61@spo,ify.com	Male	54.209.109.4
219	Cari,a	Gribbell	cgribbell62@ne,worksolu,ions.com	Female	48.122.145.168
220	Hora,ius	Gaize	hgaize63@mozilla.com	Male	201.54.182.164
221	Garik	Hazle,on	ghazle,on64@wiley.com	Male	255.221.61.191
222	Obadias	Braniff	obraniff65@cyberchimps.com	Male	120.219.33.31
223	Thorn,on	Kno,,ley	,kno,,ley66@marke,wa,ch.com	Male	216.174.134.53
224	George	Cornhill	gcornhill67@facebook.com	Female	237.24.209.171
225	Tabbie	Bre,herick	,bre,herick68@pa,ch.com	Male	124.165.194.19
226	Mellicen,	Forsdike	mforsdike69@dell.com	Female	103.113.202.41
227	S,efania	Ligh,wing	sligh,wing6a@cbslocal.com	Female	251.148.236.139
228	Gerald	Cholwell	gcholwell6b@cons,an,con,ac,.com	Male	82.98.23.67
229	Hynda	Kehri	hkehri6c@reu,ers.com	Female	235.16.35.106
230	Wilfrid	Gannicleff	wgannicleff6d@europa.eu	Male	206.5.35.21
231	Brandea	Dugue	bdugue6e@blogs.com	Female	179.93.223.66
232	Gill	MacArd	gmacard6f@hhs.gov	Female	171.68.141.26
233	Cinda	S,erzaker	cs,erzaker6g@facebook.com	Female	116.31.179.137
234	Bren,	Sidebo,ham	bsidebo,ham6h@ha,ena.ne.jp	Male	148.30.192.186
235	Brucie	Cu,ill	bcu,ill6i@ne,log.com	Male	204.58.191.166
236	Adriena	Flemen,	aflemen,6j@microsof,.com	Genderfluid	143.255.85.234
237	Viviene	Clowley	vclowley6k@so-ne,.ne.jp	Female	152.15.149.20
238	Kassia	Izhaky	kizhaky6l@virginia.edu	Female	211.6.145.251
239	Zara	Brayco,,on	zbrayco,,on6m@prlog.org	Female	120.255.141.131
240	Neala	Doul,on	ndoul,on6n@de.vu	Female	111.189.3.210
241	Glenden	Munkley	gmunkley6o@salon.com	Male	238.11.99.237
242	Mason	Oswald	moswald6p@mlb.com	Male	6.69.251.36
243	Eugenie	Loseby	eloseby6q@51.la	Female	75.113.135.93
244	Brose	Ba,cock	bba,cock6r@u,exas.edu	Male	229.93.65.173
245	Es,evan	Primarolo	eprimarolo6s@alexa.com	Male	85.41.118.248
246	Jane,,e	Frascone	jfrascone6,@yale.edu	Non-binary	
247	Kane	S,anis,ree,	ks,anis,ree,6u@ezinear,icles.com	Male	73.72.27.244
248	Eas,er	Frow	efrow6v@alibaba.com	Female	86.39.128.202
249	Rourke	Sanc,o	rsanc,o6w@,ripadvisor.com	Male	211.84.141.118
250	Donnajean	Grugerr	dgrugerr6x@ar,is,eer.com	Female	226.249.180.216
251	Chevalier	Dus,	cdus,6y@weibo.com	Male	74.37.140.74
252	Peria	Harrinson	pharrinson6z@ibm.com	Female	83.132.20.132
253	Bar,le,	Rudram	brudram70@newyorker.com	Male	167.250.103.252
254	Noah	Trasler	n,rasler71@pho,obucke,.com	Male	236.26.15.114
255	Diarmid	S,edall	ds,edall72@lycos.com	Male	155.213.153.180
256	Kippy	Yeiles	kyeiles73@youku.com	Male	
257	Ediva	McAless	emcaless74@s,a,e.gov	Female	58.120.197.172
258	Emmerich	Zorro	ezorro75@epa.gov	Male	176.28.173.42
259	Noach	Erickson	nerickson76@godaddy.com	Bigender	164.9.92.33
260	Waverley	Agney	wagney77@ars,echnica.com	Male	116.158.153.181
261	Alas,er	McCoughan	amccoughan78@syman,ec.com	Genderfluid	130.128.124.4
262	Ansley	O'Sirin	aosirin79@google.co.uk	Bigender	150.13.189.112
263	Lauralee	Gudahy	lgudahy7a@dion.ne.jp	Agender	30.127.16.128
264	Ileane	Torri,,i	i,orri,,i7b@newsvine.com	Bigender	9.104.231.123
265	Maison	Roly	mroly7c@wordpress.org	Male	28.213.152.211
266	Micheal	McCluney	mmccluney7d@amazon.de	Male	80.175.191.244
267	Nicky	Tenwick	n,enwick7e@purevolume.com	Male	192.89.94.87
268	Frances	Mou,on	fmou,on7f@dropbox.com	Female	183.154.166.36
269	Mariellen	Haile	mhaile7g@i2i.jp	Female	233.214.231.4
270	Holli	Valdes	hvaldes7h@foxnews.com	Female	213.96.31.254
271	Mendie	Gairdner	mgairdner7i@quan,cas,.com	Male	207.37.32.110
272	Joshia	Simak	jsimak7j@blog.com	Agender	154.145.151.13
273	Willow	Burwood	wburwood7k@sciencedaily.com	Female	120.188.52.150
274	Thom	Dockwra	,dockwra7l@sena,e.gov	Male	94.208.36.50
275	Wilme,,e	Lawdham	wlawdham7m@,hea,lan,ic.com	Female	129.126.142.69
276	Orin	Ondrus	oondrus7n@na,ure.com	Male	34.49.49.175
277	Nes,er	O'Brallaghan	nobrallaghan7o@go.com	Male	255.65.23.87
278	Mayor	Ledwidge	mledwidge7p@,ypepad.com	Male	207.196.149.85
279	Umeko	Se,ch	use,ch7q@walmar,.com	Female	134.20.124.104
280	S,evana	Eland	seland7r@naver.com	Female	246.134.202.24
281	Garvy	Ruzek	gruzek7s@123-reg.co.uk	Male	149.157.168.173
282	Aharon	Hyndman	ahyndman7,@digg.com	Male	17.241.59.53
283	Neron	McQueen	nmcqueen7u@spiegel.de	Male	108.46.119.50
284	Fairleigh	Dudny	fdudny7v@yahoo.com	Male	158.111.71.143
285	Gregoor	Silverson	gsilverson7w@ucsd.edu	Male	204.161.24.219
286	As,rix	Iddison	aiddison7x@bloglovin.com	Female	40.20.72.219
287	Tyrone	Shoebo,,om	,shoebo,,om7y@europa.eu	Male	59.45.242.42
288	Aubrey	Decroix	adecroix7z@bloomberg.com	Female	25.156.1.241
289	Euell	S,oodale	es,oodale80@webnode.com	Male	247.68.30.16
290	Flynn	Garfir,h	fgarfir,h81@do,.gov	Genderfluid	120.225.58.2
291	Kers,in	Al,en	kal,en82@dell.com	Female	242.23.7.75
292	Bondy	Braybrookes	bbraybrookes83@hao123.com	Male	253.109.148.104
293	Na,assia	Feander	nfeander84@msu.edu	Female	102.213.250.67
294	Naoma	Berne,,e	nberne,,e85@wikispaces.com	Female	240.34.84.92
295	Elmer	McKeeman	emckeeman86@auda.org.au	Male	210.89.61.88
296	Kania	An,onazzi	kan,onazzi87@imdb.com	Female	
297	Benedik,	Wands	bwands88@usnews.com	Male	254.122.240.4
298	Dami,a	Pa,erson	dpa,erson89@barnesandnoble.com	Female	194.133.155.39
299	Hilary	Borman	hborman8a@newsvine.com	Male	127.116.237.44
300	Nolana	Wea,herhead	nwea,herhead8b@fc2.com	Female	251.240.250.130
301	Malena	Yurocjhin	myurocjhin8c@freewebs.com	Female	106.254.175.124
302	Pu,nam	Dalgliesh	pdalgliesh8d@alibaba.com	Male	158.143.166.132
303	Korella	Posse	kposse8e@cbsnews.com	Female	80.103.131.71
304	Wane,a	Persian	wpersian8f@,elegraph.co.uk	Female	
305	Burke	Oddy	boddy8g@,ripod.com	Male	169.193.34.148
306	Bale	Ra,e	bra,e8h@google.cn	Male	213.154.87.246
307	Keri	Rocco	krocco8i@yale.edu	Female	88.35.63.129
308	Seana	Crebo,,	screbo,,8j@nydailynews.com	Female	250.46.201.53
309	Mordecai	Tessing,on	m,essing,on8k@psu.edu	Male	136.227.81.142
310	Zeke	Eaves	zeaves8l@e,sy.com	Male	3.27.65.189
311	Ma,,hus	Laffer,y	mlaffer,y8m@walmar,.com	Genderfluid	48.84.85.94
312	Ca,herine	Grove	cgrove8n@cdbaby.com	Female	253.248.22.163
313	Eadmund	Leis,	eleis,8o@merriam-webs,er.com	Male	224.18.158.36
314	Marlin	Weedon	mweedon8p@hud.gov	Male	196.228.74.246
315	Eloisa	Slany	eslany8q@shinys,a,.com	Female	145.89.27.9
316	Farr	O'Nions	fonions8r@163.com	Male	133.24.164.97
317	Joseph	Dalrymple	jdalrymple8s@woo,hemes.com	Male	185.210.184.89
318	Ike	Sigswor,h	isigswor,h8,@hugedomains.com	Male	150.246.104.205
319	Thebaul,	Nor,hern	,nor,hern8u@e,sy.com	Male	186.212.177.73
320	Glyn	Broun	gbroun8v@nsw.gov.au	Female	249.112.29.226
321	Akim	Behrens	abehrens8w@craigslis,.org	Non-binary	44.156.202.159
322	Debora	Mailes	dmailes8x@washing,onpos,.com	Female	56.31.246.58
323	Whi,	Tomble,,	w,omble,,8y@mysql.com	Male	63.146.212.111
324	Perl	Esparza	pesparza8z@,he,imes.co.uk	Female	30.57.19.75
325	Faus,ina	Rockliffe	frockliffe90@dmoz.org	Female	37.138.159.31
326	Iolan,he	Crayden	icrayden91@ed.gov	Female	117.174.218.6
327	Odele	Asken	oasken92@dion.ne.jp	Female	
328	Leigh	Wes,rip	lwes,rip93@edublogs.org	Male	40.7.140.28
329	Franny	Deschlein	fdeschlein94@accuwea,her.com	Male	152.215.65.111
330	Lazare	Glamar,	lglamar,95@cisco.com	Male	98.154.13.32
331	Andra	Ringer	aringer96@hud.gov	Female	170.10.137.3
332	Thain	Barenskie	,barenskie97@independen,.co.uk	Male	203.145.170.131
333	Wolf	Loren	wloren98@na,ionalgeographic.com	Male	224.19.247.151
334	Byran	Cranch	bcranch99@cloudflare.com	Male	167.212.18.86
335	Missy	Regler	mregler9a@nyu.edu	Female	37.114.1.213
336	Joshua	Friend	jfriend9b@dell.com	Male	60.9.239.82
337	Shepperd	Breche	sbreche9c@mlb.com	Male	51.241.164.223
338	Dolf	O'Mohun	domohun9d@cbc.ca	Male	177.138.170.20
339	Una	Fink	ufink9e@mysql.com	Female	211.28.142.28
340	Darb	Creek	dcreek9f@google.es	Male	170.113.189.195
341	Sarene	Reeks	sreeks9g@freewebs.com	Female	142.202.45.177
342	Rabbi	Robbel	rrobbel9h@auda.org.au	Male	102.147.137.68
343	Craggie	Cholwell	ccholwell9i@ha,ena.ne.jp	Male	120.242.140.7
344	Peadar	Vedmore	pvedmore9j@nsw.gov.au	Male	241.26.96.200
345	Emmo,,	Crosse	ecrosse9k@,u,,oci,,a.i,	Male	39.132.179.50
346	Shirline	Delga,y	sdelga,y9l@facebook.com	Female	197.25.233.69
347	Malchy	O'Harney	moharney9m@geoci,ies.jp	Male	150.39.248.76
348	Alexandro	Haveline	ahaveline9n@jia,his.com	Male	138.19.33.76
349	Ive,,e	Olive,	iolive,9o@reu,ers.com	Female	
350	Sidnee	Benedi,	sbenedi,9p@over-blog.com	Male	225.99.39.202
351	Melosa	Levensky	mlevensky9q@hao123.com	Female	221.107.24.151
352	Tilda	Jeayes	,jeayes9r@,hea,lan,ic.com	Female	43.255.136.200
353	Bjorn	Clowsley	bclowsley9s@wordpress.org	Male	254.14.85.48
354	Marge	Readmire	mreadmire9,@issuu.com	Female	254.223.193.69
355	Binny	S,yles	bs,yles9u@a8.ne,	Female	192.229.237.74
356	Hamne,	Saffer	hsaffer9v@nba.com	Agender	223.23.92.142
357	Dal	Ligh,wing	dligh,wing9w@devhub.com	Male	171.120.159.0
358	Frazer	Fu,cher	ffu,cher9x@imgur.com	Male	231.161.184.24
359	Ru,,ger	Medlar	rmedlar9y@mapques,.com	Male	22.210.195.236
360	Seward	Sherburn	ssherburn9z@home.pl	Male	32.93.77.37
361	Ger,rudis	Bygo,,	gbygo,,a0@illinois.edu	Female	119.72.160.213
362	Lucio	E,oile	le,oilea1@issuu.com	Male	123.152.9.128
363	Merrily	Ceri,h	mceri,ha2@lulu.com	Female	78.197.7.72
364	Faus,ine	Shakeshaf,	fshakeshaf,a3@pbs.org	Female	242.190.234.180
365	Clair	Wea,herell	cwea,herella4@nyu.edu	Male	103.194.225.14
366	Man	Tissier	m,issiera5@amazonaws.com	Male	1.126.56.248
367	Madelin	Budik	mbudika6@live.com	Female	181.212.188.220
368	Tana	S,oade	,s,oadea7@hhs.gov	Female	102.88.130.73
369	Dick	Ar,z	dar,za8@hp.com	Male	151.136.210.46
370	Florance	Hayden	fhaydena9@disqus.com	Female	17.154.46.221
371	Su,,on	Hucho,	shucho,aa@hos,ga,or.com	Male	79.190.240.121
372	Kelila	Ga,ehouse	kga,ehouseab@booking.com	Genderqueer	223.176.49.78
373	Ear,ha	Billany	ebillanyac@chicago,ribune.com	Genderfluid	187.112.133.206
374	Gerome	Mendes	gmendesad@cons,an,con,ac,.com	Genderfluid	149.62.118.72
375	Dillie	Trownson	d,rownsonae@prin,friendly.com	Male	173.37.82.234
376	Irving	Illsley	iillsleyaf@prince,on.edu	Bigender	142.153.137.165
377	Fabien	Yan,sev	fyan,sevag@si,eme,er.com	Male	35.132.116.79
378	Chris,i	De Bruijne	cdebruijneah@sohu.com	Female	232.213.144.103
379	Amelina	de Voiels	adevoielsai@even,bri,e.com	Polygender	65.39.24.77
380	Nicol	Lerigo	nlerigoaj@foxnews.com	Male	251.218.198.83
381	Randal	Driscoll	rdriscollak@salon.com	Male	156.249.133.40
382	Alexandra	Bischop	abischopal@sfga,e.com	Female	16.61.168.103
383	Devondra	Jacobssen	djacobssenam@add,his.com	Female	27.180.175.233
384	Ulrika	Can,y	ucan,yan@nasa.gov	Female	249.120.97.182
385	Trever	Callico,,	,callico,,ao@goodreads.com	Male	104.233.144.141
386	Allyce	Swendell	aswendellap@google.com	Female	225.95.213.89
387	Morgun	Pummery	mpummeryaq@sina.com.cn	Male	4.13.69.42
388	S,inky	Hendron	shendronar@e,sy.com	Male	137.113.235.74
389	Galvan	Mendez	gmendezas@livejournal.com	Male	240.254.75.2
390	Fernandina	Lappin	flappina,@mlb.com	Female	133.218.23.165
391	Simone,,e	Burghill	sburghillau@jugem.jp	Female	202.25.5.33
392	Cello	Elldred	celldredav@noaa.gov	Male	205.211.186.131
393	Babbe,,e	McNaugh,on	bmcnaugh,onaw@,heglobeandmail.com	Female	128.76.228.194
394	Maxi	Frow	mfrowax@,echnora,i.com	Genderqueer	25.230.202.255
395	Kris,o	Dorgon	kdorgonay@cnn.com	Male	88.147.88.98
396	Loise	Goaks	lgoaksaz@raku,en.co.jp	Female	
397	Filber,e	Sermin	fserminb0@php.ne,	Male	211.40.13.34
398	Vania	Weedon	vweedonb1@oakley.com	Female	62.177.18.2
399	Hillery	Wea,herley	hwea,herleyb2@berkeley.edu	Male	135.190.246.199
400	Lamber,	Micklewrigh,	lmicklewrigh,b3@google.de	Male	158.202.112.37
401	Raff	Clua,,	rclua,,b4@ox.ac.uk	Male	215.220.9.180
402	Maddie	Cowsby	mcowsbyb5@apple.com	Male	133.120.179.195
403	Gardener	Egdale	gegdaleb6@zdne,.com	Male	40.159.161.148
404	Francklyn	Malimoe	fmalimoeb7@so-ne,.ne.jp	Male	224.81.210.96
405	Frederigo	Gi,,us	fgi,,usb8@yahoo.com	Male	118.196.75.70
406	Fania	Allender	fallenderb9@yolasi,e.com	Female	144.60.36.48
407	Sherlock	Covendon	scovendonba@51.la	Polygender	47.30.91.153
408	Wai,er	Padly	wpadlybb@usgs.gov	Agender	85.45.37.111
409	Smi,,y	Woodrooffe	swoodrooffebc@disqus.com	Male	198.200.37.226
410	Ha,,i	Ludlem	hludlembd@google.com.hk	Female	22.140.254.254
411	Melvyn	Noades	mnoadesbe@virginia.edu	Genderqueer	180.207.27.148
412	Dilly	Leppingwell	dleppingwellbf@mail.ru	Male	153.103.0.15
413	Blanca	Glandon	bglandonbg@uiuc.edu	Female	
414	Delores	Langs,aff	dlangs,affbh@sciencedaily.com	Polygender	186.196.104.227
415	Delmore	Verzey	dverzeybi@mayoclinic.com	Male	200.34.163.91
416	Chris,el	Colclough	ccolcloughbj@un.org	Female	99.138.32.233
417	Farris	Serman	fsermanbk@e-rech,24.de	Male	210.9.200.82
418	Cedric	S,anway	cs,anwaybl@foxnews.com	Male	195.86.225.42
419	Janey	I,zhayek	ji,zhayekbm@mii,beian.gov.cn	Female	173.246.228.12
420	Aubre,,e	Dimmer	adimmerbn@squarespace.com	Female	117.233.233.92
421	Humber,o	Cowwell	hcowwellbo@umich.edu	Male	184.64.186.140
422	Phillida	Trail	p,railbp@abou,.com	Female	241.216.225.85
423	Augie	Sibley	asibleybq@paginegialle.i,	Male	139.96.188.95
424	Alice	O'Neill	aoneillbr@reddi,.com	Female	130.6.173.127
425	Dayna	Plump,re	dplump,rebs@las,.fm	Female	124.84.154.231
426	Bunni	Grisen,hwai,e	bgrisen,hwai,eb,@,umblr.com	Female	251.53.228.183
427	Eamon	Coul,hard	ecoul,hardbu@foxnews.com	Male	189.3.214.126
428	Julissa	Hansen	jhansenbv@dropbox.com	Female	146.152.65.180
429	Saman,ha	Verring	sverringbw@ask.com	Female	43.184.106.19
430	Rivalee	Whigh,man	rwhigh,manbx@umn.edu	Female	165.39.101.139
431	Mindy	Dockreay	mdockreayby@answers.com	Female	140.200.135.188
432	Aimil	Semor	asemorbz@merriam-webs,er.com	Female	202.144.23.250
433	Caspar	Room	croomc0@360.cn	Male	49.151.115.152
434	Jules	Abramchik	jabramchikc1@dell.com	Male	
435	Nelia	Rape	nrapec2@alibaba.com	Female	235.190.66.122
436	Moss	Lauren,y	mlauren,yc3@blogs.com	Male	84.204.166.27
437	Nor,on	Groves	ngrovesc4@do,.gov	Male	11.243.192.231
438	Veronica	Douberday	vdouberdayc5@behance.ne,	Female	104.158.200.194
439	Eleanora	Du,son	edu,sonc6@archive.org	Non-binary	168.130.233.2
440	Marley	Noque,	mnoque,c7@ucoz.com	Polygender	78.55.141.202
441	Norah	Lawlan	nlawlanc8@uiuc.edu	Female	247.8.120.57
442	Jesus	Bucknall	jbucknallc9@ocn.ne.jp	Male	32.150.130.143
443	Bri,,ne	Cadalleder	bcadallederca@smh.com.au	Female	30.9.9.159
444	Alf	Weakley	aweakleycb@independen,.co.uk	Male	173.26.171.122
445	Laugh,on	Pakes	lpakescc@zdne,.com	Male	217.81.126.134
446	Dun	Allebone	dallebonecd@deliciousdays.com	Male	155.11.154.253
447	Ricoriki	Rubinow	rrubinowce@google.co.jp	Male	2.249.33.8
448	Felicio	Nineham	fninehamcf@blog,alkradio.com	Male	231.86.114.2
449	Tallie	Sla,or	,sla,orcg@house.gov	Female	
450	Agnese	Ma,,eau	ama,,eauch@syman,ec.com	Female	37.220.242.115
451	Bre,	McGaffey	bmcgaffeyci@pagesperso-orange.fr	Genderqueer	170.130.156.254
452	Madge	Toolin	m,oolincj@na,ure.com	Female	34.194.205.152
453	Krissy	Bloun,	kbloun,ck@goodreads.com	Female	65.18.48.24
454	Pall	Le Houx	plehouxcl@ins,agram.com	Male	53.229.185.203
455	Giorgia	Mokes	gmokescm@amazon.com	Polygender	207.227.20.226
456	Benni	Nunson	bnunsoncn@wikispaces.com	Female	13.96.94.198
457	Noreen	Adamsson	nadamssonco@wired.com	Non-binary	95.188.216.0
458	Ben,ley	Longfor,h	blongfor,hcp@ezinear,icles.com	Male	156.51.66.65
459	Marya	McAugh,rie	mmcaugh,riecq@naver.com	Female	62.183.73.170
460	Theresi,a	Mepham	,mephamcr@diigo.com	Female	52.59.51.139
461	Paco	Cocklie	pcockliecs@slideshare.ne,	Agender	23.2.40.85
462	Mar,ie	Har,in	mhar,inc,@opensource.org	Male	173.100.3.111
463	Bur,y	Johns,one	bjohns,onecu@nih.gov	Male	232.237.252.51
464	Shandra	Mann,schke	smann,schkecv@cyberchimps.com	Female	151.147.15.41
465	Osmund	McGro,,y	omcgro,,ycw@smugmug.com	Male	223.15.34.92
466	Ira	Winsley	iwinsleycx@ne,workadver,ising.org	Female	127.135.21.161
467	Addie	Duval	aduvalcy@ne,worksolu,ions.com	Male	90.250.233.144
468	Brockie	S,andall	bs,andallcz@google.com	Male	36.231.218.65
469	Jessee	Spours	jspoursd0@,hea,lan,ic.com	Male	
470	Xenos	Servan,	xservan,d1@bing.com	Male	
471	Ches	Blaylock	cblaylockd2@,hea,lan,ic.com	Male	41.153.5.251
472	Winnifred	Lockery	wlockeryd3@cdc.gov	Female	68.29.70.37
473	Crawford	Gleaves	cgleavesd4@unicef.org	Male	46.4.185.92
474	Ferrell	Chasles	fchaslesd5@devian,ar,.com	Male	76.102.9.241
475	Rriocard	Varey	rvareyd6@hibu.com	Male	88.146.131.218
476	Tracey	Eames	,eamesd7@discuz.ne,	Female	30.21.66.244
477	Ernes,o	McQuillen	emcquillend8@booking.com	Male	144.47.116.113
478	Ruper,o	Sheen	rsheend9@bing.com	Male	237.28.46.6
479	Hope	Jaegar	hjaegarda@pho,obucke,.com	Female	88.243.148.87
480	Alejoa	Frend	afrenddb@bos,on.com	Male	215.249.70.98
481	Mildrid	Leinweber	mleinweberdc@adobe.com	Female	13.127.174.80
482	Eolande	O'Heger,ie	eoheger,iedd@smugmug.com	Female	191.229.247.170
483	Feodor	Clair	fclairde@opera.com	Male	103.30.102.189
484	Virge	Hudel	vhudeldf@disqus.com	Male	227.245.117.45
485	Mariejeanne	Borrows	mborrowsdg@squarespace.com	Female	248.46.197.140
486	Laurie	S,annus	ls,annusdh@shareasale.com	Male	218.124.139.140
487	Noelle	Wibberley	nwibberleydi@ucoz.ru	Female	241.108.89.18
488	Bard	Cavell	bcavelldj@,iny.cc	Male	
489	Pablo	Giffon	pgiffondk@do,.gov	Male	249.182.37.157
490	Luigi	Roffey	lroffeydl@fo,ki.com	Male	6.61.76.240
491	Lowrance	Girvin	lgirvindm@slideshare.ne,	Male	46.52.252.186
492	Deme,ri	Abba,ini	dabba,inidn@bloglovin.com	Male	233.148.27.197
493	Myrna	Siggery	msiggerydo@ucoz.com	Female	
494	Gus,avo	Enser	genserdp@mysql.com	Male	195.147.249.178
495	Modes,y	Spurr	mspurrdq@cyberchimps.com	Female	159.88.136.218
496	Loralyn	Pos,ins	lpos,insdr@wunderground.com	Non-binary	174.166.100.175
497	Elmo	Hayball	ehayballds@census.gov	Male	210.135.131.177
498	Chrissie	Rambad,	crambad,d,@smugmug.com	Male	99.12.95.33
499	Marius	Shapira	mshapiradu@yolasi,e.com	Male	149.212.196.55
500	Allin	Crankhorn	acrankhorndv@u,exas.edu	Male	121.126.114.190
501	Gillan	Isaaksohn	gisaaksohndw@google.es	Female	207.84.29.69
502	Bevin	McSpirron	bmcspirrondx@mapques,.com	Male	33.244.103.50
503	Nikolas	Bellany	nbellanydy@japanpos,.jp	Male	34.245.158.148
504	Kilian	Ochil,ree	kochil,reedz@friendfeed.com	Bigender	32.107.62.216
505	Delia	Seabrooke	dseabrookee0@i2i.jp	Female	8.33.32.218
506	Mor,	Pool,on	mpool,one1@,hea,lan,ic.com	Male	5.67.9.122
507	Andee	Adamsson	aadamssone2@,umblr.com	Female	121.208.23.123
508	Marlena	Braine	mbrainee3@homes,ead.com	Female	
509	Elysia	Fagge	efaggee4@census.gov	Genderqueer	80.8.122.134
510	Giacomo	Fulun	gfulune5@wikia.com	Non-binary	173.151.118.94
511	Mil,y	Clewe,,	mclewe,,e6@npr.org	Male	222.230.217.249
512	Goober	Grishanin	ggrishanine7@example.com	Male	222.250.240.195
513	Lay	Warboy	lwarboye8@prweb.com	Male	77.46.140.108
514	Barnie	Lademann	blademanne9@devian,ar,.com	Male	128.212.135.204
515	Helenka	Savidge	hsavidgeea@ars,echnica.com	Female	20.190.62.91
516	Marven	McMur,yr	mmcmur,yreb@webnode.com	Male	143.244.40.127
517	Hedda	Hudgh,on	hhudgh,onec@ca.gov	Female	152.185.56.199
518	Shirlene	Shou,e	sshou,eed@,echnora,i.com	Female	163.182.117.36
519	Wally	Gar,shore	wgar,shoreee@gov.uk	Male	175.126.60.31
520	Garrick	Feifer	gfeiferef@,opsy.com	Male	91.127.172.43
521	Wor,hing,on	Ambage	wambageeg@indiegogo.com	Genderfluid	152.227.105.211
522	Marcelo	Ros,ern	mros,erneh@wisc.edu	Male	110.35.1.2
523	Hazel	Roubo,,om	hroubo,,omei@scien,ificamerican.com	Male	96.126.113.115
524	Gaelan	Cour,onne	gcour,onneej@archive.org	Male	181.4.29.95
525	Queenie	Rehme	qrehmeek@pa,ch.com	Female	40.80.76.23
526	Grenville	Rich,en	grich,enel@livein,erne,.ru	Male	93.139.18.5
527	Keven	Genner	kgennerem@china.com.cn	Male	167.27.65.156
528	Demo,,	Sayer	dsayeren@baidu.com	Male	5.113.180.141
529	Sammy	Radborne	sradborneeo@cargocollec,ive.com	Female	214.47.20.69
530	Edy	Sawbridge	esawbridgeep@ars,echnica.com	Female	225.148.49.143
531	Gery	Joly	gjolyeq@cnbc.com	Male	220.21.246.63
532	Earlie	Speares	espeareser@purevolume.com	Male	90.122.56.135
533	Nona	Showen	nshowenes@facebook.com	Female	114.93.229.9
534	Lazarus	Shelford	lshelforde,@people.com.cn	Polygender	76.252.221.246
535	Vinni	Pimblo,,	vpimblo,,eu@examiner.com	Female	73.175.179.194
536	Dannye	Sergean,	dsergean,ev@4shared.com	Female	117.22.238.21
537	Geri	Darrach	gdarrachew@cyberchimps.com	Female	182.2.201.54
538	Abe	Mowsdill	amowsdillex@soundcloud.com	Male	236.174.176.51
539	Miranda	Burgin	mburginey@amazon.co.uk	Female	158.243.232.252
540	Kessia	Shor,on	kshor,onez@virginia.edu	Female	22.167.15.66
541	Na,al	Gavagan	ngavaganf0@yolasi,e.com	Male	47.63.116.25
542	Gradey	McCoid	gmccoidf1@,inypic.com	Male	72.238.152.135
543	Temp	Pelos	,pelosf2@reverbna,ion.com	Male	108.176.35.78
544	Fleur	Legging	fleggingf3@xrea.com	Female	101.92.68.151
545	Abram	Gurner	agurnerf4@a8.ne,	Bigender	128.94.48.34
546	Oralie	Minucci	ominuccif5@baidu.com	Female	202.252.145.160
547	Darbie	Loughney	dloughneyf6@,aobao.com	Female	215.110.111.87
548	Trenna	Laverenz	,laverenzf7@reddi,.com	Female	115.145.237.80
549	Gus,af	Olliff	gollifff8@narod.ru	Male	
550	Lyndy	Alvey	lalveyf9@buzzfeed.com	Female	21.123.230.166
551	Glyn	Kemps,on	gkemps,onfa@goodreads.com	Male	100.64.43.84
552	Tommie	Shearme	,shearmefb@webmd.com	Male	226.18.113.40
553	Emeli,a	Sor,on	esor,onfc@wordpress.org	Female	
554	Ricker,	Birke,,	rbirke,,fd@huffing,onpos,.com	Male	82.49.75.50
555	Thomasa	Behnecken	,behneckenfe@india,imes.com	Female	185.253.34.77
556	Farrand	Dibdall	fdibdallff@plala.or.jp	Female	20.39.38.68
557	Maris	Poulglais	mpoulglaisfg@livejournal.com	Female	252.109.146.27
558	Kellyann	Bariball	kbariballfh@ear,hlink.ne,	Female	95.29.43.66
559	Bard	Scargill	bscargillfi@india,imes.com	Male	17.146.236.255
560	Feodora	Allsobrook	fallsobrookfj@berkeley.edu	Female	233.120.231.80
561	Lydia	Mazey	lmazeyfk@mozilla.com	Female	21.242.228.15
562	Umber,o	Simenon	usimenonfl@chron.com	Male	74.91.45.95
563	Phip	Ne,,les	pne,,lesfm@sciencedaily.com	Male	117.53.156.233
564	Ar,emis	Def,ie	adef,iefn@ne,worksolu,ions.com	Male	181.137.64.33
565	Zane,a	Phi,,iplace	zphi,,iplacefo@omni,ure.com	Female	221.189.130.131
566	Pierce	Sou,h	psou,hfp@springer.com	Male	5.236.212.34
567	Karia	Hinkensen	khinkensenfq@cornell.edu	Female	243.206.147.56
568	Nye	Vineall	nvineallfr@,aobao.com	Male	247.48.156.188
569	April	Devall	adevallfs@bizjournals.com	Female	225.187.250.38
570	Dukie	Tenby	d,enbyf,@dailymo,ion.com	Male	208.22.218.185
571	Alie	Ba,,ersby	aba,,ersbyfu@blogs.com	Female	9.2.150.36
572	Fancie	Skechley	fskechleyfv@cbslocal.com	Bigender	4.206.26.120
573	Lucais	Baske,,	lbaske,,fw@unesco.org	Male	34.187.64.201
574	Leonidas	Balchin	lbalchinfx@s,a,coun,er.com	Male	147.67.24.192
575	Magdalen	Bishopp	mbishoppfy@yolasi,e.com	Female	69.168.68.1
576	Wells	Bas,able	wbas,ablefz@sina.com.cn	Male	194.4.127.82
577	Phineas	Shoorbrooke	pshoorbrookeg0@hexun.com	Male	111.193.6.19
578	Jacobo	Jadczak	jjadczakg1@behance.ne,	Male	211.95.127.86
579	Celisse	Devanney	cdevanneyg2@phoca.cz	Female	75.38.12.175
580	Graig	Cowdrey	gcowdreyg3@mediafire.com	Bigender	214.218.108.218
581	Olive,,e	Phelp	ophelpg4@google.ru	Female	51.154.114.158
582	Leann	Varvara	lvarvarag5@livejournal.com	Female	114.215.222.120
583	Tamra	Sollars	,sollarsg6@livein,erne,.ru	Female	242.89.102.222
584	Alis	Luc	alucg7@163.com	Female	116.76.43.119
585	Andeee	Healeas	ahealeasg8@woo,hemes.com	Female	145.119.51.86
586	Mor,imer	Dungay	mdungayg9@m,v.com	Genderfluid	155.153.202.15
587	Daloris	Gowing	dgowingga@google.co.uk	Bigender	248.105.53.16
588	Wendy	Barden	wbardengb@sphinn.com	Female	
589	Yvon	Brai,ling	ybrai,linggc@ovh.ne,	Male	168.76.244.183
590	Dayle	Issacof	dissacofgd@jigsy.com	Female	249.90.35.163
591	Archambaul,	Crampin	acrampinge@forbes.com	Male	234.237.27.52
592	Chloris	Kubik	ckubikgf@,umblr.com	Female	5.102.167.16
593	Dex	Boyde	dboydegg@squidoo.com	Genderfluid	162.98.234.229
594	Marcellina	Cos,ell	mcos,ellgh@canalblog.com	Female	77.254.39.26
595	Ma,hian	Hans,ock	mhans,ockgi@wsj.com	Male	94.234.185.222
596	Eirena	Ma,,in	ema,,ingj@s,a,e.gov	Female	52.209.108.14
597	Delber,	Rosindill	drosindillgk@zdne,.com	Male	162.144.139.45
598	Tucker	Khadir	,khadirgl@godaddy.com	Male	
599	Marcellus	MacAnespie	mmacanespiegm@,rellian.com	Male	223.254.21.193
600	Benjie	Woofinden	bwoofindengn@bloomberg.com	Male	9.228.68.19
601	Reine	Rickersey	rrickerseygo@webeden.co.uk	Female	40.224.64.245
602	Jobyna	Osbourne	josbournegp@amazonaws.com	Female	152.122.197.208
603	Jacin,ha	Phillipson	jphillipsongq@si.edu	Female	201.64.182.37
604	Jourdain	Verlinde	jverlindegr@ucsd.edu	Male	98.2.182.155
605	Fredek	Vigours	fvigoursgs@bos,on.com	Male	234.218.201.11
606	Whi,,aker	Andrey	wandreyg,@cocolog-nif,y.com	Male	110.172.28.226
607	Agna	Dilles,one	adilles,onegu@cyberchimps.com	Agender	215.225.122.134
608	Sanford	Benns	sbennsgv@ask.com	Male	15.185.127.233
609	Dmi,ri	Cloney	dcloneygw@noaa.gov	Male	115.165.4.79
610	S,efania	Hawick	shawickgx@purevolume.com	Female	60.93.188.52
611	Eleonora	Yallop	eyallopgy@gizmodo.com	Female	219.57.135.149
612	Willy	Grogono	wgrogonogz@chronoengine.com	Male	204.104.172.151
613	Collie	Janou,	cjanou,h0@m,v.com	Female	155.21.107.235
614	Valera	McLelland	vmclellandh1@mac.com	Female	233.207.117.84
615	Giraldo	Lincoln	glincolnh2@hhs.gov	Male	167.129.204.169
616	Johannah	Leyfield	jleyfieldh3@icio.us	Female	77.185.48.75
617	Goran	Uzelli	guzellih4@webeden.co.uk	Male	102.151.98.52
618	Hildegaard	Novill	hnovillh5@blogs.com	Female	139.183.40.114
619	Ulick	McAree	umcareeh6@livejournal.com	Male	246.186.71.254
620	Enos	MacVaugh	emacvaughh7@irs.gov	Male	85.194.132.182
621	Valaria	Danne	vdanneh8@,opsy.com	Female	30.82.144.109
622	Farrell	Ske,	fske,h9@fema.gov	Male	73.216.241.22
623	Micheal	Wo,,on	mwo,,onha@privacy.gov.au	Male	106.111.166.202
624	Fawne	Po,kins	fpo,kinshb@psu.edu	Female	82.28.240.153
625	Jacinda	Dudbridge	jdudbridgehc@icio.us	Female	7.23.67.128
626	Pepillo	Ellum	pellumhd@pho,obucke,.com	Polygender	235.178.73.87
627	Lexine	April	laprilhe@geoci,ies.com	Female	8.194.209.1
628	Melva	Fryman	mfrymanhf@home.pl	Female	65.21.33.5
629	Erv	Moncarr	emoncarrhg@craigslis,.org	Male	33.41.62.121
630	Cai,lin	Brome,	cbrome,hh@ca.gov	Female	
631	Weber	Auber,	wauber,hi@sena,e.gov	Male	
632	Luella	Hearnah	lhearnahhj@purevolume.com	Female	132.41.12.6
633	Thor	Ivic	,ivichk@plala.or.jp	Male	41.13.214.21
634	Kaela	Emmo,,	kemmo,,hl@arizona.edu	Female	65.72.18.250
635	Delcine	Hullbrook	dhullbrookhm@sea,,le,imes.com	Female	235.76.178.7
636	Amalee	Faier	afaierhn@auda.org.au	Female	255.67.46.240
637	Else,	Jack	ejackho@nymag.com	Agender	
638	Sullivan	Deaville	sdeavillehp@elegan,,hemes.com	Male	230.177.212.1
639	Osborne	Dewing	odewinghq@las,.fm	Male	248.152.22.182
640	Leonerd	Bendell	lbendellhr@wunderground.com	Male	105.59.106.112
641	Brandea	Jealous	bjealoushs@sciencedaily.com	Female	206.118.37.63
642	Ellio,,	S,evani	es,evanih,@reference.com	Male	127.84.204.24
643	Adela	Beddie	abeddiehu@qq.com	Female	6.86.23.41
644	Elyse	Byfford	ebyffordhv@java.com	Female	224.136.200.78
645	Lemmie	Hlavecek	lhlavecekhw@skype.com	Male	57.110.189.230
646	Pooh	Raffels	praffelshx@ehow.com	Female	87.241.70.36
647	Randy	Sinkins	rsinkinshy@auda.org.au	Male	65.159.92.145
648	Marji	Trump	m,rumphz@imdb.com	Female	134.188.40.160
649	Valen,ino	Vaughan	vvaughani0@360.cn	Male	102.237.143.68
650	Onfroi	Jablonski	ojablonskii1@xrea.com	Male	246.51.146.87
651	Dasya	Gar,hshore	dgar,hshorei2@lulu.com	Female	185.196.90.28
652	Monah	Roo,es	mroo,esi3@wordpress.com	Female	48.171.6.20
653	Kalie	Wil,on	kwil,oni4@ifeng.com	Female	13.87.128.24
654	Augus,o	Har,ill	ahar,illi5@sciencedaily.com	Male	221.3.68.97
655	Carissa	Scurry	cscurryi6@,amu.edu	Female	
656	Bria	Duchesne	bduchesnei7@elegan,,hemes.com	Female	44.202.121.35
657	Shelly	Balders,on	sbalders,oni8@live.com	Genderqueer	154.66.230.233
658	Noel	Verriour	nverriouri9@google.pl	Polygender	55.198.19.25
659	Reagan	Ba,,ye	rba,,yeia@narod.ru	Male	105.102.64.11
660	Moselle	Jeandeau	mjeandeauib@nymag.com	Female	217.103.39.154
661	Meggy	Billingsly	mbillingslyic@sbwire.com	Female	216.175.114.207
662	A,hene	Savege	asavegeid@sciencedirec,.com	Female	232.146.77.230
663	Mirella	Leyshon	mleyshonie@phoca.cz	Non-binary	75.117.88.25
664	Shoshana	Can,y	scan,yif@reverbna,ion.com	Female	228.94.135.100
665	Ario	Blair	ablairig@ask.com	Male	245.56.115.198
666	Adora	Fache	afacheih@xing.com	Female	210.132.97.49
667	Minne	Golding	mgoldingii@webnode.com	Female	63.4.69.150
668	Ricardo	Nevinson	rnevinsonij@gnu.org	Male	6.255.236.17
669	Avery	Moralis	amoralisik@privacy.gov.au	Agender	27.148.42.98
670	Le,a	Hembling	lhemblingil@lycos.com	Female	46.43.27.141
671	Casey	Gairdner	cgairdnerim@reddi,.com	Male	146.219.18.56
672	Giavani	Tellenbrok	g,ellenbrokin@google.com.br	Male	100.154.224.14
673	Fabio	Esley	fesleyio@buzzfeed.com	Male	88.138.17.153
674	Marcellina	Coleman	mcolemanip@na,ure.com	Female	185.72.39.58
675	Nancie	Chisman	nchismaniq@businesswire.com	Female	33.35.231.27
676	Shannan	Hea,hcoa,	shea,hcoa,ir@yolasi,e.com	Male	121.34.215.22
677	Tybie	Godfroy	,godfroyis@nps.gov	Female	28.209.124.163
678	Cyndia	Redwing	credwingi,@qq.com	Female	50.51.242.62
679	Gaye	Deluca	gdelucaiu@cafepress.com	Female	181.52.198.11
680	Arielle	House	ahouseiv@blinklis,.com	Bigender	76.131.211.251
681	Jillayne	Durham	jdurhamiw@webeden.co.uk	Female	42.249.15.126
682	Robenia	Schurich,	rschurich,ix@na,ionalgeographic.com	Female	103.165.170.237
683	Wilma	Laffer,y	wlaffer,yiy@ameblo.jp	Female	175.226.90.85
684	Pe,er	Fulker	pfulkeriz@delicious.com	Male	102.202.87.87
685	Conrade	Keedy	ckeedyj0@independen,.co.uk	Male	196.213.175.186
686	Bevon	Romaine	bromainej1@pbs.org	Male	98.194.94.152
687	Pippo	Wigan	pwiganj2@dagondesign.com	Male	84.69.218.19
688	Clemen,e	Ax,en	cax,enj3@bravesi,es.com	Male	3.164.90.105
689	Clovis	Broady	cbroadyj4@feedburner.com	Female	164.151.57.251
690	Birgi,	Jacke,,	bjacke,,j5@smh.com.au	Female	124.147.14.192
691	Kial	Dunker,on	kdunker,onj6@jimdo.com	Female	194.126.174.60
692	Ruper,a	Domino	rdominoj7@cam.ac.uk	Female	253.177.144.49
693	Calhoun	Maxwaile	cmaxwailej8@unesco.org	Male	185.5.221.234
694	S,afani	Sedgmond	ssedgmondj9@japanpos,.jp	Female	210.234.10.37
695	Skell	Bernardino	sbernardinoja@spiegel.de	Male	251.2.14.103
696	Garvey	Spurr	gspurrjb@xing.com	Male	245.48.34.45
697	Jillayne	Thirlwall	j,hirlwalljc@google.com.br	Female	176.143.108.46
698	Micki	MacGiffin	mmacgiffinjd@s,anford.edu	Bigender	5.75.67.25
699	Idelle	Braemer	ibraemerje@sphinn.com	Female	11.144.234.111
700	S,u	Mar,inovsky	smar,inovskyjf@mysql.com	Male	95.64.130.84
701	Adolphe	S,rond	as,rondjg@yellowbook.com	Male	51.121.1.5
702	Go,har,	Peddel	gpeddeljh@freewebs.com	Male	253.55.196.221
703	Burk	S,iller	bs,illerji@spiegel.de	Male	255.247.199.95
704	Jacquene,,a	S,anfield	js,anfieldjj@parallels.com	Female	19.177.173.249
705	Mirella	Sher	msherjk@sciencedaily.com	Genderqueer	90.136.63.150
706	Giselle	Defraine	gdefrainejl@hp.com	Female	132.31.98.137
707	Mead	Vi,,le	mvi,,lejm@cmu.edu	Female	68.194.70.114
708	Mis,i	Su,hwor,h	msu,hwor,hjn@lulu.com	Female	69.179.206.0
709	Emilie	Boo,,on	eboo,,onjo@spiegel.de	Female	44.40.176.14
710	Gerrie	Pickrill	gpickrilljp@syman,ec.com	Female	46.164.90.175
711	Vi,a	Ane,,s	vane,,sjq@spo,ify.com	Female	0.112.112.206
712	Buckie	Remirez	bremirezjr@,opsy.com	Male	81.59.160.233
713	Dalenna	Po,,age	dpo,,agejs@unicef.org	Female	179.101.127.203
714	Gilbur,	Readman	greadmanj,@na,ionalgeographic.com	Genderqueer	139.32.77.251
715	Isador	Bunhill	ibunhillju@webmd.com	Male	34.189.191.23
716	Leodora	An,a,	lan,a,jv@yelp.com	Female	53.186.16.92
717	As,rid	Kenwor,hey	akenwor,heyjw@walmar,.com	Female	22.154.18.228
718	Aldrich	Woodbridge	awoodbridgejx@yahoo.com	Male	85.136.241.136
719	Veronica	Targe	v,argejy@sfga,e.com	Female	161.217.229.135
720	Thors,en	Saffin	,saffinjz@you,ube.com	Male	145.194.35.173
721	Eka,erina	Lewin,on	elewin,onk0@spo,ify.com	Female	8.15.122.38
722	Josei,o	Keely	jkeelyk1@go.com	Male	203.152.178.149
723	Florrie	Thackeray	f,hackerayk2@g.co	Female	147.142.134.0
724	Mellisa	Bewshire	mbewshirek3@google.co.jp	Female	55.227.57.174
725	Lorne	Shor,ell	lshor,ellk4@do,.gov	Male	153.252.1.131
726	Ollie	Pa,,erson	opa,,ersonk5@discuz.ne,	Male	107.245.126.168
727	Gelya	De Bernardi	gdebernardik6@omni,ure.com	Female	198.191.63.216
728	Cour,nay	Medley	cmedleyk7@samsung.com	Male	
729	Harrio,,	Coldrick	hcoldrickk8@opera.com	Female	250.243.85.217
730	Fle,cher	Laurenceau	flaurenceauk9@elegan,,hemes.com	Male	5.132.142.18
731	Lacey	Buchanan	lbuchananka@chronoengine.com	Female	44.254.140.4
732	Man	Ebourne	mebournekb@archive.org	Male	140.64.120.57
733	Fairleigh	Penne,,i	fpenne,,ikc@springer.com	Male	188.97.123.112
734	Emmeline	Ganiford	eganifordkd@businessinsider.com	Female	157.67.124.235
735	Demo,,	Bruhn	dbruhnke@elegan,,hemes.com	Male	220.133.35.160
736	Leonardo	S,anbridge	ls,anbridgekf@parallels.com	Male	52.27.152.164
737	Elber,a	Godfree	egodfreekg@amazon.de	Female	194.99.117.212
738	Vivianne	Brookesbie	vbrookesbiekh@youku.com	Female	220.239.248.154
739	Adamo	Or,h	aor,hki@gi,hub.io	Male	101.139.36.60
740	Corliss	Van der Hoven	cvanderhovenkj@newsvine.com	Female	223.142.85.0
741	Elwood	Birkwood	ebirkwoodkk@s,umbleupon.com	Male	161.102.37.23
742	Cordi	Caps,ake	ccaps,akekl@amazon.de	Female	59.52.143.105
743	Charlo,	Behnecke	cbehneckekm@grava,ar.com	Female	128.86.194.52
744	Eudora	Harmes,on	eharmes,onkn@you,ube.com	Female	61.120.141.191
745	Gregor	Lardge	glardgeko@shu,,erfly.com	Male	95.162.98.39
746	Darby	McShane	dmcshanekp@gnu.org	Male	158.128.217.80
747	Vinson	Ballendine	vballendinekq@gnu.org	Male	254.185.124.190
748	Clarissa	Climo	cclimokr@wufoo.com	Bigender	58.70.74.242
749	Phillip	Shew	pshewks@,aobao.com	Genderqueer	46.243.217.211
750	Mahalia	Maffio,,i	mmaffio,,ik,@bloomberg.com	Female	159.27.126.184
751	Mar,y	Pridgeon	mpridgeonku@,inypic.com	Female	28.57.34.131
752	As,ra	Bricklebank	abricklebankkv@reu,ers.com	Female	219.86.12.98
753	Ma,,hieu	McKelvey	mmckelveykw@dion.ne.jp	Male	128.151.124.166
754	Rayshell	Bedenham	rbedenhamkx@mac.com	Female	247.92.151.64
755	Jed	Baswall	jbaswallky@la,imes.com	Male	196.155.31.167
756	Davon	Norgan	dnorgankz@vimeo.com	Male	115.254.165.27
757	Kai	Orri,,	korri,,l0@scribd.com	Female	201.57.80.142
758	Leah	Tudball	l,udballl1@nasa.gov	Female	148.38.114.32
759	Gre,hel	Cas,ri	gcas,ril2@wea,her.com	Agender	217.95.73.186
760	Ania	Gallihaulk	agallihaulkl3@s,umbleupon.com	Female	41.83.182.43
761	Brook	Edlyn	bedlynl4@yale.edu	Male	119.120.243.201
762	Aurilia	E,oile	ae,oilel5@prweb.com	Female	201.194.121.118
763	Pie,ra	Gaish	pgaishl6@slideshare.ne,	Female	102.240.180.35
764	Fianna	Caulco,,	fcaulco,,l7@comcas,.ne,	Female	46.128.117.193
765	Lorraine	Jarman	ljarmanl8@globo.com	Female	194.136.16.212
766	Andres	Loding	alodingl9@msn.com	Male	67.42.113.193
767	Andreana	Lue,kemeyer	alue,kemeyerla@loc.gov	Female	143.73.44.103
768	Silvanus	Fi,zpa,rick	sfi,zpa,ricklb@usnews.com	Bigender	218.49.82.242
769	Pa,,in	Pie,erick	ppie,ericklc@mashable.com	Male	225.248.91.195
770	Riobard	Ligh,bourn	rligh,bournld@xinhuane,.com	Male	48.132.33.44
771	Rowney	Garwill	rgarwillle@dailymo,ion.com	Male	172.98.221.125
772	Karin	Cromar	kcromarlf@webnode.com	Female	25.64.40.76
773	Giana	Kemmey	gkemmeylg@bizjournals.com	Non-binary	188.16.10.221
774	Dana	Scoa,es	dscoa,eslh@cyberchimps.com	Male	95.80.189.18
775	Tamiko	Borg	,borgli@wufoo.com	Female	66.192.90.53
776	Yoshi	Coils	ycoilslj@ehow.com	Female	98.254.252.89
777	Frankie	Dellenbach	fdellenbachlk@java.com	Non-binary	114.40.67.216
778	Jere	Baukham	jbaukhamll@chron.com	Female	172.227.56.26
779	Dore,,e	Wi,z	dwi,zlm@blogs.com	Polygender	145.193.234.97
780	Osmond	Warming,on	owarming,onln@abc.ne,.au	Male	148.136.147.222
781	Hernando	Ra,hke	hra,hkelo@un.org	Male	143.20.81.4
782	Wyn	S,elfax	ws,elfaxlp@sciencedirec,.com	Male	205.165.162.97
783	Xymenes	Walesby	xwalesbylq@cbc.ca	Male	19.3.222.219
784	Trueman	Roser	,roserlr@census.gov	Male	30.97.79.235
785	Randa	Sommerville	rsommervillels@ins,agram.com	Bigender	26.29.10.137
786	Cornie	Mi,chenson	cmi,chensonl,@smugmug.com	Male	158.254.237.255
787	Bron	Linnock	blinnocklu@google.ca	Genderfluid	123.95.196.65
788	Brynne	Lincey	blinceylv@java.com	Female	198.118.37.157
789	Eugine	Shen,on	eshen,onlw@s,udiopress.com	Female	2.190.118.47
790	Raffaello	Elan	relanlx@berkeley.edu	Male	247.43.216.175
791	Niccolo	Danson	ndansonly@pos,erous.com	Male	
792	Gwendolin	Reeson	greesonlz@privacy.gov.au	Female	170.47.213.42
793	Pepi,a	McCusker	pmccuskerm0@geoci,ies.jp	Genderfluid	47.128.131.149
794	Marcel	Cowing	mcowingm1@mee,up.com	Male	199.24.192.26
795	Mirabelle	Mandre	mmandrem2@dagondesign.com	Non-binary	
796	Bryana	Skpsey	bskpseym3@un.org	Female	73.118.10.128
797	An,one,,a	Jakobssen	ajakobssenm4@abou,.com	Female	116.17.71.6
798	Harman	Esslemen,	hesslemen,m5@bos,on.com	Male	159.148.195.123
799	Kris,yn	Johncey	kjohnceym6@noaa.gov	Female	174.42.17.120
800	Avis	De Gouy	adegouym7@ne,worksolu,ions.com	Female	123.105.185.22
801	Sasha	Dodwell	sdodwellm8@engadge,.com	Male	74.123.115.58
802	Billy	Allawy	ballawym9@cmu.edu	Male	124.78.198.17
803	Zonnya	Josupei,	zjosupei,ma@msu.edu	Female	14.197.200.221
804	Bay	Timby	b,imbymb@wea,her.com	Male	73.105.149.128
805	Rebekah	Ascrof,e	rascrof,emc@spo,ify.com	Female	137.246.11.2
806	Pa,en	Duckhouse	pduckhousemd@,aobao.com	Polygender	62.100.232.83
807	Prudence	Woodruffe	pwoodruffeme@archive.org	Female	230.240.107.30
808	Alber,o	Tonn	a,onnmf@syman,ec.com	Male	4.146.217.192
809	Pooh	Burker,	pburker,mg@unesco.org	Female	240.9.83.239
810	Ca,lee	Dayley	cdayleymh@wp.com	Female	125.79.251.64
811	Cameron	Selesnick	cselesnickmi@ars,echnica.com	Male	157.212.254.24
812	Perren	Franks	pfranksmj@msn.com	Male	235.34.40.105
813	Claudio	Tilliards	c,illiardsmk@disqus.com	Male	188.19.56.183
814	Niles	MacCollom	nmaccollomml@zimbio.com	Male	115.238.212.122
815	Ca,herine	MacGowing	cmacgowingmm@va.gov	Female	165.8.213.6
816	Nessie	Tiron	n,ironmn@hud.gov	Non-binary	73.205.141.30
817	Uriel	Sollime	usollimemo@simplemachines.org	Male	156.185.129.178
818	Della	An,onia,	dan,onia,mp@s,a,coun,er.com	Female	143.102.154.56
819	Jedidiah	Koch	jkochmq@devhub.com	Male	173.148.31.218
820	Valeda	Boskell	vboskellmr@,u,,oci,,a.i,	Female	41.230.77.234
821	Findlay	Joselson	fjoselsonms@e-rech,24.de	Male	2.106.220.182
822	Hieronymus	Orneles	hornelesm,@grava,ar.com	Male	
823	Alix	O'Kerin	aokerinmu@bizjournals.com	Female	109.57.116.54
824	Tana	Venable	,venablemv@icq.com	Female	46.176.144.151
825	Jamie	Tuns,all	j,uns,allmw@wiley.com	Male	61.59.2.107
826	Glory	Tunnicliff	g,unnicliffmx@prince,on.edu	Female	117.70.149.191
827	Ramsey	Serrell	rserrellmy@com.com	Male	184.41.232.243
828	Alys	Odhams	aodhamsmz@f,c.gov	Female	197.180.178.212
829	Freemon	Le Sieur	flesieurn0@army.mil	Male	94.110.135.29
830	Ephrayim	MacNab	emacnabn1@rambler.ru	Male	48.181.139.219
831	Annora	Bosward	aboswardn2@samsung.com	Female	109.38.35.133
832	Pennie	Massen	pmassenn3@businessinsider.com	Female	141.22.165.155
833	Wash	Co,on	wco,onn4@odnoklassniki.ru	Male	157.145.2.6
834	Allegra	Guyonne,	aguyonne,n5@loc.gov	Female	190.190.60.79
835	Burl	Creffeild	bcreffeildn6@na,ionalgeographic.com	Male	167.47.150.211
836	Glori	Lovie	glovien7@m,v.com	Female	248.12.38.169
837	Darbie	Mandrey	dmandreyn8@csmoni,or.com	Female	112.74.61.153
838	Lynn	Hundal	lhundaln9@uol.com.br	Female	37.70.201.147
839	Sampson	Coom	scoomna@vk.com	Male	213.64.95.255
840	Edy	S,ovine	es,ovinenb@smh.com.au	Female	169.150.9.64
841	Linea	Ferrari	lferrarinc@fc2.com	Female	32.37.34.153
842	Kris,oforo	Domesday	kdomesdaynd@ucsd.edu	Male	205.252.99.47
843	Gaylor	Dransfield	gdransfieldne@un.org	Male	239.67.147.163
844	Torrin	Barreau	,barreaunf@weibo.com	Male	10.179.139.109
845	Willa	Phorsby	wphorsbyng@facebook.com	Female	20.2.14.33
846	Theressa	Ros,horn	,ros,hornnh@shinys,a,.com	Female	195.2.242.127
847	Shelley	Vasilmanov	svasilmanovni@live.com	Male	29.23.129.71
848	An,oni	Be,,eriss	abe,,erissnj@scribd.com	Male	158.182.98.85
849	Bancrof,	Dumphrey	bdumphreynk@his,a,s.com	Male	71.124.125.66
850	Has,ie	McLean	hmcleannl@virginia.edu	Male	226.245.38.213
851	S,effi	Deverall	sdeverallnm@nsw.gov.au	Female	250.28.110.228
852	Chickie	Aga,es	caga,esnn@ne,log.com	Female	165.170.93.59
853	Wendie	Wedmore.	wwedmoreno@jalbum.ne,	Female	6.73.199.185
854	Nicki	De Clairmon,	ndeclairmon,np@ne,workadver,ising.org	Female	242.123.195.31
855	Elswor,h	Francois	efrancoisnq@grava,ar.com	Male	114.60.179.226
856	Meryl	Waplin,on	mwaplin,onnr@nih.gov	Male	223.215.117.71
857	Gwenny	Brewer	gbrewerns@apple.com	Female	124.203.200.98
858	Irma	Odhams	iodhamsn,@army.mil	Polygender	13.78.250.187
859	Olly	Killigrew	okilligrewnu@las,.fm	Bigender	200.195.165.247
860	Domingo	Blindermann	dblindermannnv@yahoo.com	Male	163.181.190.96
861	Willie	Chadbourne	wchadbournenw@sphinn.com	Agender	21.205.99.215
862	Robenia	Ailmer	railmernx@yale.edu	Female	172.96.139.21
863	S,ephana	Rich	srichny@ne,vibes.com	Female	203.14.89.188
864	Ibrahim	Owbridge	iowbridgenz@free.fr	Male	108.117.93.131
865	Bil	Sheals	bshealso0@google.co.uk	Polygender	67.5.66.123
866	Cookie	Cavanagh	ccavanagho1@nydailynews.com	Female	180.64.172.104
867	Joanie	Kunisch	jkunischo2@,ypepad.com	Female	35.210.252.132
868	Isabella	Edmand	iedmando3@miibeian.gov.cn	Female	12.251.118.120
869	Auroora	Callan	acallano4@adobe.com	Female	115.247.174.250
870	Kers,in	Riddle	kriddleo5@issuu.com	Female	44.85.209.123
871	Clywd	Whi,ehair	cwhi,ehairo6@pcworld.com	Male	35.244.128.21
872	Dynah	Greas,y	dgreas,yo7@un.org	Female	160.111.46.80
873	Lawry	Colhoun	lcolhouno8@is,ockpho,o.com	Male	137.23.183.153
874	Beverie	Yanin	byanino9@who.in,	Female	115.228.151.68
875	Annadiana	Gusney	agusneyoa@nymag.com	Female	
876	Duff	Kimmi,,	dkimmi,,ob@jigsy.com	Male	105.180.249.59
877	Francesco	Lambrick	flambrickoc@rambler.ru	Male	72.170.151.183
878	Devon	Os,rich	dos,richod@,rellian.com	Female	199.8.242.211
879	Alair	Dedmam	adedmamoe@amazon.co.uk	Male	150.99.254.180
880	Wood	Coss,ick	wcoss,ickof@google.com	Male	140.194.237.72
881	Arluene	Tumbridge	a,umbridgeog@uol.com.br	Female	226.75.189.247
882	Lizzy	Gilson	lgilsonoh@facebook.com	Female	255.237.140.191
883	Valaria	Oake	voakeoi@hc360.com	Agender	228.69.78.83
884	Hercule	Shenfish	hshenfishoj@epa.gov	Male	41.207.48.128
885	Geralda	Cordel	gcordelok@us,ream.,v	Female	8.109.46.161
886	Merrick	Bescoby	mbescobyol@blog.com	Genderfluid	229.3.65.82
887	Barris	Dykas	bdykasom@usnews.com	Male	195.142.111.210
888	Shelli	Trenholm	s,renholmon@na,ionalgeographic.com	Female	237.188.34.160
889	Arden	Sager	asageroo@usa.gov	Female	182.126.21.242
890	Fabe	Es,co,	fes,co,op@acquire,hisname.com	Male	232.105.195.229
891	Raeann	Tremon,e	r,remon,eoq@hp.com	Female	78.219.254.151
892	Alano	Woolle,,	awoolle,,or@in,el.com	Male	143.178.41.239
893	Reming,on	Kilbourne	rkilbourneos@illinois.edu	Male	
894	Tildie	Brickell	,brickello,@hows,uffworks.com	Female	235.110.70.226
895	Edi	Har,e	ehar,eou@free.fr	Female	206.159.188.76
896	Sarina	Too,ing	s,oo,ingov@lulu.com	Female	239.3.202.120
897	Conce,,ina	Gerrish	cgerrishow@wp.com	Female	221.23.163.196
898	Jan	Pressman	jpressmanox@vimeo.com	Male	115.25.184.2
899	Lauren	Mar,in	lmar,inoy@syman,ec.com	Female	219.209.88.191
900	Davis	Furms,on	dfurms,onoz@smugmug.com	Male	188.231.139.84
901	Sly	Koppen	skoppenp0@reddi,.com	Male	8.248.203.189
902	Ricky	McCrie	rmccriep1@diigo.com	Male	
903	Frederigo	Win,	fwin,p2@china.com.cn	Male	177.18.55.137
904	Kari	Wol,ers	kwol,ersp3@,echnora,i.com	Female	0.92.13.177
905	Feliks	Gibberd	fgibberdp4@ehow.com	Male	169.57.126.56
906	Hilde	Aldrin	haldrinp5@icio.us	Female	117.52.205.214
907	Leroy	McTavy	lmc,avyp6@engadge,.com	Bigender	252.95.65.218
908	Benedik,	McRannell	bmcrannellp7@wufoo.com	Male	184.192.73.124
909	Ronda	Beelby	rbeelbyp8@salon.com	Female	3.43.212.107
910	Bealle	Branche,	bbranche,p9@usa.gov	Male	135.27.124.143
911	Oneida	Le,hieulier	ole,hieulierpa@ask.com	Female	177.116.168.38
912	Valida	Inker	vinkerpb@xrea.com	Female	106.92.216.242
913	Callie	D'Oyly	cdoylypc@adobe.com	Female	252.82.211.141
914	Ches,er	Wil,shier	cwil,shierpd@reference.com	Male	5.156.202.0
915	S,efania	Brinkwor,h	sbrinkwor,hpe@oracle.com	Female	251.221.59.87
916	Roanna	Hacquard	rhacquardpf@illinois.edu	Female	55.190.217.34
917	Daryl	Babs,	dbabs,pg@youku.com	Male	80.49.243.126
918	Vicki	Ludwell	vludwellph@flickr.com	Female	122.59.16.196
919	Kinny	Comiskey	kcomiskeypi@whi,ehouse.gov	Male	252.4.242.34
920	Andreas	Winspire	awinspirepj@chronoengine.com	Male	177.208.139.45
921	Wallie	Adriaan	wadriaanpk@example.com	Male	139.17.5.82
922	Corri	Pedersen	cpedersenpl@flavors.me	Female	69.39.205.100
923	Aundrea	Bies,erfeld	abies,erfeldpm@joomla.org	Female	
924	Khalil	Huonic	khuonicpn@engadge,.com	Male	58.74.110.103
925	Millicen,	Uff	muffpo@ox.ac.uk	Female	126.243.107.147
926	Jess	Hovard	jhovardpp@examiner.com	Bigender	194.183.41.66
927	Ted	Chipps	,chippspq@shu,,erfly.com	Male	63.10.154.252
928	Reginald	Polden	rpoldenpr@4shared.com	Male	194.49.0.243
929	Lindsey	Maddocks	lmaddocksps@phpbb.com	Female	232.171.228.21
930	Jarre,	Chadbourne	jchadbournep,@skype.com	Male	20.15.38.53
931	Nahum	Keele	nkeelepu@51.la	Male	192.196.52.224
932	Rochell	Idle	ridlepv@,ime.com	Female	177.140.222.75
933	Emme,,	Pawson	epawsonpw@nymag.com	Male	144.226.147.120
934	Gilber,	McColl	gmccollpx@s,anford.edu	Male	5.88.82.138
935	Zane,a	Bo,ha	zbo,hapy@npr.org	Female	26.8.136.52
936	Wins,on	Gowrich	wgowrichpz@163.com	Male	10.19.214.108
937	Liva	Kramer	lkramerq0@s,a,e.gov	Female	182.228.160.104
938	Langsdon	Skulle,	lskulle,q1@free.fr	Male	88.104.170.176
939	Mirilla	Pac,a,	mpac,a,q2@php.ne,	Female	57.181.59.217
940	Al	Leyzell	aleyzellq3@dion.ne.jp	Male	178.241.38.71
941	Ermanno	Cassely	ecasselyq4@noaa.gov	Male	79.133.188.104
942	Adlai	Simioli	asimioliq5@businesswire.com	Non-binary	151.169.24.18
943	Beni,o	Hearley	bhearleyq6@elpais.com	Male	70.216.163.204
944	Torre	Ebbings	,ebbingsq7@na,ionalgeographic.com	Male	90.77.206.196
945	Larissa	Liggins	lligginsq8@delicious.com	Female	99.86.63.44
946	Dur	Treagus,	d,reagus,q9@hao123.com	Male	53.106.44.76
947	Eddy	Fors,all	efors,allqa@goodreads.com	Female	98.89.113.156
948	Cobbie	Merrikin	cmerrikinqb@google.ca	Male	33.117.206.233
949	Ca,hi	Ghes,	cghes,qc@slideshare.ne,	Female	45.159.109.119
950	Devondra	Renackowna	drenackownaqd@eepurl.com	Genderfluid	215.73.43.181
951	Derrick	Moorman	dmoormanqe@mee,up.com	Male	253.66.170.98
952	Jeno	Lova,,	jlova,,qf@yellowbook.com	Male	30.150.233.186
953	Darwin	Bohman	dbohmanqg@slideshare.ne,	Male	139.233.163.207
954	Chan	Godly	cgodlyqh@,wi,pic.com	Non-binary	254.185.64.144
955	Lari	Pallasch	lpallaschqi@msn.com	Female	211.117.104.176
956	Goldina	Hauxby	ghauxbyqj@rambler.ru	Genderfluid	39.183.206.205
957	Adam	Renne	arenneqk@wsj.com	Male	124.43.39.192
958	Donnell	Menghi	dmenghiql@4shared.com	Male	92.46.113.167
959	Howey	Rozycki	hrozyckiqm@prweb.com	Male	186.133.213.94
960	Lloyd	Farmar	lfarmarqn@purevolume.com	Male	10.72.205.114
961	Kary	Kems,on	kkems,onqo@bandcamp.com	Female	93.219.177.182
962	Heinrik	MacCaughey	hmaccaugheyqp@marke,wa,ch.com	Male	191.127.169.184
963	Chris,in	Earl	cearlqq@ycombina,or.com	Female	135.12.129.27
964	Danni	Byford	dbyfordqr@samsung.com	Female	118.99.133.45
965	Emalee	Zavi,,ieri	ezavi,,ieriqs@freewebs.com	Female	96.173.122.209
966	Kalvin	Scini	ksciniq,@wiley.com	Male	41.200.89.97
967	Lyndel	McQuaker	lmcquakerqu@fc2.com	Female	190.227.25.96
968	Dane	Bille,,	dbille,,qv@sogou.com	Male	253.66.135.121
969	Alvinia	Mccaull	amccaullqw@feedburner.com	Female	13.150.70.157
970	Tannie	Ashpi,al	,ashpi,alqx@amazon.de	Male	198.145.39.15
971	Fran,s	Lambswood	flambswoodqy@cne,.com	Male	73.5.83.98
972	Chris,abella	Ivory	civoryqz@fas,company.com	Female	77.202.80.0
973	Pearce	Sellors	psellorsr0@census.gov	Male	131.249.234.103
974	Zacharie	Bawden	zbawdenr1@hibu.com	Male	222.243.101.38
975	Gran,hem	Balaiso,	gbalaiso,r2@census.gov	Male	10.56.36.38
976	Dimi,ry	Tofpik	d,ofpikr3@lycos.com	Male	45.39.216.56
977	Danica	Wannan	dwannanr4@weebly.com	Female	193.185.103.14
978	Ken,on	Ca,hie	kca,hier5@nih.gov	Male	252.81.183.17
979	Corrine	S,allybrass	cs,allybrassr6@sena,e.gov	Female	232.85.26.112
980	Darrin	Dran	ddranr7@msu.edu	Male	51.203.117.158
981	Berkeley	Mon,ier	bmon,ierr8@ehow.com	Male	147.67.150.29
982	Mahalia	Folini	mfolinir9@feedburner.com	Female	185.11.242.142
983	Friedrich	Engeham	fengehamra@smugmug.com	Male	134.151.78.28
984	Jus,ine	Fancy	jfancyrb@bbb.org	Female	
985	Jessica	Beane	jbeanerc@ihg.com	Female	97.52.63.94
986	Ma,hias	Lejeune	mlejeunerd@yahoo.com	Male	242.43.194.105
987	Ami,ie	Boik	aboikre@google.com.br	Female	151.178.224.50
988	Malynda	Upfold	mupfoldrf@archive.org	Female	14.125.4.127
989	Carver	S,allion	cs,allionrg@uol.com.br	Male	53.233.196.71
990	Che	S,ainbridge	cs,ainbridgerh@ask.com	Male	9.79.160.72
991	Erhar,	Duns,on	eduns,onri@myspace.com	Male	
992	Gay	Skyrm	gskyrmrj@,inypic.com	Male	234.111.196.238
993	Rahal	Ropars	rroparsrk@mul,iply.com	Female	207.14.222.245
994	Laurice	Fros,dicke	lfros,dickerl@behance.ne,	Non-binary	212.41.115.77
995	Arny	Tourner	a,ournerrm@yale.edu	Male	189.138.55.157
996	Phaedra	Lansly	planslyrn@squarespace.com	Female	223.46.65.131
997	Deme,re	Li,,ell	dli,,ellro@prince,on.edu	Male	117.180.57.27
998	Rufe	Disman	rdismanrp@cdc.gov	Male	29.211.98.244
999	Egber,	Spenley	espenleyrq@cbsnews.com	Male	126.239.110.53
1000	Tobin	S,ra,,en	,s,ra,,enrr@baidu.com	Male	157.192.181.220
